"class","sensitivity","specificity","model","accuracy"
1,0.723684210526316,0.825,"binary",0.771028037383178
0,0.795,0.802631578947368,"multiclass",0.759345794392523
1,0.519230769230769,0.973404255319149,"multiclass",0.759345794392523
2,0.793103448275862,0.932551319648094,"multiclass",0.759345794392523
3,0.814285714285714,0.977653631284916,"multiclass",0.759345794392523
4,0.68421052631579,0.958435207823961,"multiclass",0.759345794392523
