"class","sensitivity","specificity","model","accuracy"
1,0.728070175438597,0.85,"binary",0.785046728971963
0,0.82,0.728070175438597,"multiclass",0.742990654205608
1,0.557692307692308,0.970744680851064,"multiclass",0.742990654205608
2,0.724137931034483,0.964809384164223,"multiclass",0.742990654205608
3,0.714285714285714,0.960893854748603,"multiclass",0.742990654205608
4,0.631578947368421,0.973105134474328,"multiclass",0.742990654205608
