model,acc,auc,k_pc,min_bigram_freq
bigram_only,0.5824742268041238,0.616480709772819,50,3
stacked,0.788659793814433,0.8837612582336336,50,3
